ax,ay,word
1601.4119873046875,2464.052734375,검법 
-5537.662109375,1058.436767578125,독물 
-1954.671142578125,-3149.0380859375,탄로 
57.20676040649414,494.7344970703125,부축 
0.006148473359644413,-0.020917901769280434,시인 
0.001806588377803564,0.13746240735054016,겸허 
-0.039052389562129974,-0.013289138674736023,동료 
-0.08451905101537704,0.007920297794044018,정양 
-0.030601417645812035,-0.018274877220392227,처리 
-0.020496465265750885,-0.03535422682762146,오랫동안 
-0.013948485255241394,-0.0276490468531847,막사 
951.38525390625,403.7366943359375,전임 
-4005.313232421875,626.5179443359375,코웃음 
513.309326171875,4358.9033203125,옥소 
0.00662680808454752,0.022508421912789345,천하제일 
0.1257665902376175,-0.018862737342715263,불경 
-0.013570656068623066,-0.0700034499168396,회안 
-0.07061389833688736,0.011485271155834198,일렬 
0.11836989223957062,-0.019339827820658684,력도 
0.08431675285100937,0.004956784192472696,처마 
1960.011474609375,-4675.91552734375,길이 
-502.58856201171875,-1333.7906494140625,불계 
-0.08638365566730499,0.09315172582864761,진노 
0.036820344626903534,0.024035662412643433,시작 
-0.024407044053077698,0.06535186618566513,한복판 
-0.08230886608362198,0.029011569917201996,백호 
0.09061870723962784,-0.022956838831305504,연제 
0.03322182223200798,-0.04743567854166031,화가 
0.09770630300045013,0.06670212000608444,병신 
0.08733417838811874,-0.00616441760212183,시일 
-36.71644592285156,195.9204864501953,목어 
-3415.61962890625,-961.9763793945312,대패 
-1358.81884765625,-2226.337890625,성문 
-288.83807373046875,2717.16259765625,기종 
-2993.94384765625,1984.851806640625,대덕 
-877.8563842773438,698.9757690429688,시장 
2624.703125,3272.98388671875,차이 
4119.39892578125,2421.599609375,노승 
1860.3017578125,-827.03857421875,악보 
0.02414955385029316,0.05859251320362091,형편 
7.837919984012842E-4,0.029419204220175743,주지 
-0.008700216189026833,0.07154783606529236,신의 
0.030627194792032242,-0.10449960827827454,질녀 
0.11704834550619125,0.030775457620620728,재능 
-0.0040911342948675156,0.02342691272497177,검보 
-2139.252197265625,555.3855590820312,비호 
-3412.6435546875,2967.278076171875,전적 
2041.9190673828125,2943.716796875,객주 
-4969.65185546875,2514.24462890625,부근 
286.4473571777344,-3806.42724609375,아녀자 
2507.169921875,-865.3216552734375,신음 
2148.22314453125,2503.811767578125,어젯밤 
-604.3157958984375,1576.241943359375,만사 
-0.12764330208301544,0.12474170327186584,장난기 
-0.061600230634212494,0.04205576702952385,분국 
2426.253662109375,-1661.973388671875,번개 
145.1380157470703,1142.05126953125,배후 
0.05958325043320656,-0.10005491971969604,의복 
0.022327439859509468,-0.07907972484827042,이름 
0.10949844121932983,-0.06966627389192581,천리 
-0.031239505857229233,-0.0038679102435708046,옥수 
0.02036406472325325,-0.009096774272620678,습격 
58.98610305786133,1480.2662353515625,코앞 
3666.0458984375,1496.3306884765625,불초 
3484.5712890625,4918.97412109375,가게 
3558.186279296875,1482.5850830078125,권법 
-3530.9306640625,1180.9495849609375,선제공격 
-0.05670449882745743,-0.053952913731336594,제압 
-0.029172541573643684,-0.06143977493047714,아부 
-330.8589782714844,606.3651123046875,소탈 
-5199.80322265625,2647.888671875,합주 
-3861.65869140625,1810.672119140625,사 
1174.392333984375,2276.40087890625,삭 
1067.4501953125,-559.5396728515625,경험 
2207.309326171875,-1030.8765869140625,산 
-5625.19189453125,-169.15017700195312,창안 
4218.91455078125,1805.9945068359375,무학 
1951.0814208984375,2578.886474609375,살 
-227.4087677001953,-1909.47412109375,시절 
4094.881103515625,-2710.8505859375,제안 
3205.768798828125,-3730.23681640625,삶 
1526.22509765625,912.3370971679688,정오 
36.71603012084961,3963.26025390625,초청 
-4131.2021484375,-3351.65283203125,신임 
-1357.2421875,-755.900146484375,삼 
-0.008975778706371784,0.04079820215702057,웃음거리 
33.69159698486328,247.16644287109375,무한 
-4006.63427734375,-1210.896728515625,고통 
2656.033447265625,-409.74627685546875,상 
-1277.55224609375,-3380.069580078125,도박 
-955.396240234375,-1092.2152099609375,새 
-0.08323417603969574,0.010116087272763252,색 
0.017021015286445618,-0.03754791244864464,부친 
1071.595703125,-1049.3890380859375,이마 
-1975.6173095703125,-2588.02587890625,위의 
2282.130126953125,2753.246337890625,칭송 
134.39706420898438,-1638.134521484375,대도 
3661.811279296875,-3599.758056640625,구사 
-1333.759033203125,4796.8037109375,손끝 
-1219.70263671875,1082.515380859375,땅굴 
-0.019132105633616447,0.043503448367118835,원수지간 
-501.6872863769531,891.4270629882812,생 
-1904.3125,2143.53173828125,불교 
0.07787736505270004,0.07452321797609329,저주 
0.06859152019023895,-0.05307777598500252,습관 
3324.631591796875,1024.4259033203125,불구 
-1849.4705810546875,-293.8280334472656,골탕 
-0.037492550909519196,0.0371384471654892,모욕 
-0.01630246266722679,-0.08688146620988846,한쪽 
2805.83935546875,-1547.0987548828125,비둘기 
3903.890869140625,-1775.5166015625,영웅 
-780.4944458007812,-4147.28955078125,아버지 
7334.68798828125,-8390.4892578125,장포 
3632.0693359375,4101.93994140625,성미 
-90.53375244140625,2658.7705078125,심부름 
1455.0667724609375,3317.63427734375,자유분방 
-1724.311767578125,-1436.828125,연주 
-0.01176157221198082,0.015582035295665264,서 
-0.0756971538066864,0.043617699295282364,석 
-2452.283203125,-1605.101318359375,안부 
389.9800109863281,2200.732666015625,소년 
-0.02420838177204132,0.046027373522520065,선 
884.4511108398438,859.5490112304688,설 
-2216.322509765625,527.98388671875,구석 
0.050287969410419464,0.1035768985748291,갈채 
0.030528824776411057,0.10459944605827332,적중 
-0.007956331595778465,0.04075954109430313,섬 
-0.06437617540359497,-0.026058804243803024,소녀 
-481.7597351074219,-2798.720458984375,간격 
-3129.845703125,-2418.236083984375,성 
1609.3350830078125,-650.0570068359375,시종 
0.06608505547046661,-0.09863856434822083,항주 
0.07801558077335358,-0.007478462066501379,구덩이 
-2946.68994140625,627.5648803710938,문하 
4619.8701171875,-242.51443481445312,세 
1798.405517578125,980.15185546875,덩이 
0.09608428925275803,0.04131967946887016,금기 
0.0010479738702997565,0.02031000703573227,정원 
-249.28701782226562,-906.19091796875,일류 
3210.892822265625,-3990.303466796875,구역질 
850.0811157226562,1487.0084228515625,광채 
-0.02269885316491127,-0.04916704073548317,셈 
0.045514002442359924,0.022875094786286354,반면 
1069.9503173828125,2149.906005859375,여지 
3182.7587890625,2031.1007080078125,사건 
-3565.842041015625,-1529.7896728515625,간계 
1358.1678466796875,531.1099853515625,동맹 
-0.027523277327418327,-0.06633100658655167,충만 
0.037759929895401,0.07803473621606827,휘하 
-0.010691653937101364,-0.1316002607345581,침실 
0.057701475918293,0.11723755300045013,예외 
-0.013676057569682598,0.02459549717605114,사천 
398.0362854003906,4201.62451171875,종류 
-2152.4931640625,222.95028686523438,계집아이 
-0.013497484847903252,0.13486173748970032,호남 
-0.09696363657712936,0.05518084391951561,한군데 
-0.05527538061141968,0.07451433688402176,요행 
-0.03648817166686058,-0.09743160009384155,천명 
1469.4716796875,1354.66796875,은사 
2898.533935546875,-1665.9832763671875,뇌리 
3305.625,586.5831909179688,무형 
1770.741943359375,-1246.6611328125,가구 
3702.316650390625,813.8053588867188,질투 
3403.68798828125,1274.57861328125,핑계 
-584.6571044921875,-3838.029296875,소 
2097.889404296875,-1297.919921875,속 
2401.738037109375,3121.35107421875,손 
581.68310546875,-4832.0146484375,한마디 
-212.25021362304688,-2615.2685546875,장풍 
3421.34228515625,-697.6043701171875,솔 
-3536.960693359375,-1631.57421875,솜 
-3806.965087890625,3499.693603515625,구송 
-2653.77685546875,-1652.6239013671875,송 
3117.94189453125,2205.1171875,결론 
1900.689208984375,-1652.1922607421875,솥 
-1220.764404296875,3896.2265625,불길 
3373.333251953125,-1730.00439453125,손녀 
2049.7255859375,3187.230224609375,일리 
-1733.0782470703125,-55.12577438354492,수색 
3021.789306640625,-2954.819580078125,낌새 
1330.3284912109375,2409.589599609375,사고 
-0.04322030767798424,0.09636951982975006,이목 
-1001.6769409179688,-1199.942138671875,대부분 
166.67498779296875,-641.4403686523438,구속 
-2896.78857421875,-1460.0794677734375,실전 
-2420.218505859375,279.0523986816406,시주 
2851.2041015625,2284.11865234375,그날 
3182.645751953125,896.1710205078125,불기 
1976.1925048828125,3409.588623046875,겨를 
-41.02356719970703,638.3976440429688,판단 
0.006935895886272192,0.11414501070976257,제외 
-1240.588134765625,-781.4755859375,적지 
-3285.80126953125,-1564.576416015625,사과 
1385.1396484375,2259.08984375,청룡 
-0.11785055696964264,-0.024736681953072548,호기심 
1000.577880859375,469.0930480957031,사공 
3620.26416015625,776.6384887695312,광경 
-1758.40478515625,-2341.86376953125,간교 
-2887.9658203125,-2727.651611328125,저지 
-2560.572509765625,-2437.75634765625,독보 
1216.4254150390625,4284.5439453125,쇠 
2760.4716796875,-218.29945373535156,며칠 
2265.377685546875,2538.59228515625,포로 
1500.385986328125,884.570068359375,꾸러미 
-0.022384632378816605,-0.013050640001893044,칼자루 
-0.09732531011104584,7.747001654934138E-5,자라 
-0.047429971396923065,0.10438098013401031,자락 
0.05327737331390381,-0.1389293074607849,정의 
0.035876717418432236,-0.05662254989147186,살갗 
-2862.2197265625,1062.625,모자 
-2966.314208984375,-2118.92431640625,정자 
-132.9767303466797,-2159.34228515625,습기 
2348.72021484375,-3567.31103515625,천문 
-2147.91064453125,3836.671630859375,접전 
4859.39892578125,1709.0068359375,명가 
-0.03295464813709259,-0.04215732216835022,유씨 
0.049864523112773895,-0.025392280891537666,인명 
-0.12089239060878754,0.008306147530674934,자유자재 
0.015936069190502167,-0.017901144921779633,문호 
556.1454467773438,954.5025634765625,수 
238.27085876464844,-1072.5050048828125,대가리 
1693.98681640625,1163.001708984375,숙 
-4149.03466796875,1700.928466796875,자랑 
-2208.171630859375,4110.6103515625,출발 
-1360.7138671875,4492.60595703125,정인 
5090.5185546875,-442.3148498535156,발목 
119.78254699707031,2529.3271484375,순 
-0.004023231565952301,-0.029324689880013466,지도 
-330.9836120605469,1118.324951171875,정일 
-2878.336669921875,-2123.082763671875,술 
1706.9847412109375,1330.150146484375,심장 
-0.021509235724806786,0.1026371493935585,파도 
0.04130147397518158,0.047294147312641144,깊은 
-0.01949838176369667,-0.07839139550924301,생일 
0.06528875231742859,0.031512293964624405,숨 
-714.3557739257812,-1345.534423828125,영접 
-3170.75,-3560.64013671875,쇠막대기 
4513.26806640625,250.37112426757812,신중 
-10.299640655517578,-1857.104736328125,숲 
571.0462646484375,-575.7362060546875,두건 
-0.012666801922023296,-0.03721678629517555,화근 
0.014029104262590408,-0.01411377638578415,파편 
0.05051063373684883,-0.05786675587296486,낭떠러지 
-0.028826095163822174,0.013184355571866035,수세 
888.5455322265625,1280.39306640625,실종 
1600.0975341796875,1126.773681640625,손톱 
2567.316162109375,-718.9279174804688,십장 
-2947.15283203125,2192.341064453125,분홍색 
0.02627614140510559,-0.09876216948032379,한참 
0.018778320401906967,-0.01911768689751625,예의 
-0.06004288047552109,0.030497292056679726,가치 
-0.15024125576019287,-0.11812390387058258,장한 
-0.028871215879917145,-0.002945627784356475,반나절 
2841.651123046875,734.9862670898438,행운 
3356.64794921875,2441.1533203125,휴대 
-252.15054321289062,1016.130126953125,보살 
-0.0046495068818330765,0.06099904701113701,전진 
-2810.888671875,-1313.4361572265625,보상 
1780.1611328125,-5.104881286621094,계획 
-313.1468200683594,-1392.108642578125,어르신 
-801.0670166015625,1747.525390625,국수 
3641.0439453125,-1397.011962890625,호통 
-4459.6826171875,-1791.8958740234375,동문 
-2816.65673828125,-1823.5301513671875,시집 
-5329.91357421875,5218.310546875,시진 
651.9509887695312,4321.46142578125,대항 
-572.5526123046875,-258.537109375,깊이 
-0.05235886573791504,0.05449097603559494,유언 
0.10622933506965637,0.08888134360313416,차지 
0.04099380224943161,0.12417542934417725,철문 
0.022605232894420624,-0.020743712782859802,행위 
0.07354884594678879,-0.07892639935016632,회장 
-5427.5712890625,1407.982421875,당황 
-233.42214965820312,-730.590087890625,좀도둑 
0.029745671898126602,-0.023728134110569954,감격 
724.17529296875,2794.12548828125,진동 
3285.20751953125,-1989.3814697265625,승기 
685.1060180664062,1572.3150634765625,흉내 
-0.012237012386322021,-0.03536570817232132,망상 
-3295.593994140625,-1654.3160400390625,정적 
-990.6057739257812,-2874.90869140625,순서 
1537.129638671875,3468.154296875,염주 
2807.412109375,-1739.07568359375,식지 
-1310.8453369140625,-2746.4208984375,뒷걸음질 
-3561.819580078125,1077.107666015625,주가 
-3016.125732421875,-1936.552490234375,강가 
-2983.46044921875,218.32093811035156,찻잔 
3076.394775390625,2454.424072265625,제의 
855.9371337890625,-4807.9111328125,노씨 
227.19650268554688,518.7499389648438,불꽃 
-0.10265080630779266,-0.007408672012388706,심정 
2557.4423828125,606.3635864257812,습 
1787.37939453125,3074.717529296875,뒷모습 
2888.70849609375,2569.14501953125,승 
12.412544250488281,-1383.6971435546875,정정 
2352.693603515625,1552.178955078125,령도 
-0.029730699956417084,-0.09304016828536987,보석 
0.03182641416788101,0.001252896385267377,제이 
45.44308853149414,2598.60009765625,뒷산 
275.3498229980469,-1807.4571533203125,싸움 
2493.2294921875,1179.4337158203125,나쁜 
1320.7462158203125,-4586.654296875,구슬 
-201.61268615722656,-3045.7216796875,중지 
-1071.4371337890625,4366.9873046875,하룻밤 
-3516.639404296875,1503.0892333984375,핏기 
-710.48974609375,263.2384033203125,인물 
-0.093241386115551,0.11172066628932953,시 
0.04831261932849884,-0.0024051403161138296,거세 
-0.03993098437786102,-0.06826864182949066,식 
2152.46435546875,590.6582641601562,신 
2163.04638671875,-3077.94580078125,천박 
2071.33740234375,-368.947998046875,회전 
1027.457763671875,-2508.04052734375,구식 
-4994.91015625,4108.72607421875,실 
-556.94384765625,-668.9478149414062,예전 
-1363.3656005859375,-20.06360626220703,뇌물 
707.383056640625,-3170.792724609375,반박 
3854.266357421875,-1599.35205078125,심 
2319.656494140625,-4528.2705078125,고동 
3932.009521484375,-1084.0472412109375,제자 
-1960.6497802734375,-3487.59326171875,풀이 
3692.411865234375,43.71192932128906,후세 
3172.28662109375,1954.165283203125,입맛 
1543.767333984375,-291.43048095703125,변장 
92.02218627929688,682.2235107421875,한계 
-1079.3740234375,800.4688720703125,제일 
0.02154781110584736,-0.025284012779593468,싹 
-1133.3607177734375,-777.3234252929688,끝장 
3153.5400390625,1973.774658203125,쌀 
1668.3106689453125,3593.9775390625,대형 
-3404.43212890625,-1313.10009765625,조부 
-450.6517333984375,-544.4788818359375,정종 
-0.11784825474023819,-0.06968344748020172,쌍 
-2968.382080078125,26.408061981201172,행인 
-3227.22412109375,56.90627670288086,수수 
-84.20022583007812,4930.99169921875,콩알 
-2900.98388671875,-3115.16552734375,사기 
-4192.3740234375,1023.1437377929688,경력 
1245.210205078125,2320.131103515625,주검 
3274.760986328125,1086.3966064453125,속담 
-0.011972807347774506,-0.03591467812657356,낭비 
993.684814453125,543.0587158203125,주체 
-2577.78125,2842.392333984375,치욕 
835.83544921875,-4375.6689453125,대호 
-4426.13818359375,551.0794067382812,숨소리 
341.5840759277344,-1476.3741455078125,강철 
-2836.35302734375,2438.194091796875,자루 
1508.392578125,2861.71337890625,대화 
1331.6917724609375,462.2916259765625,내분 
129.69105529785156,1652.660888671875,손님 
2487.36328125,1955.79541015625,의협심 
-607.1884155273438,-1122.6483154296875,세분 
-182.66062927246094,-457.819580078125,봉래의 
0.018150249496102333,0.07415865361690521,년간 
-2129.08154296875,-1498.1640625,부탁 
-524.97607421875,-704.9993286132812,후손 
-0.036835744976997375,-0.05447232350707054,천진난만 
-1178.7130126953125,740.0669555664062,서생 
1161.9384765625,762.8643188476562,석상 
2636.50927734375,132.57162475585938,다리 
887.1130981445312,-121.47223663330078,발밑 
0.019811546429991722,0.01989441178739071,계략 
2802.80126953125,-1456.405517578125,동방 
2386.74658203125,3071.125244140625,무력 
-3234.1796875,236.03424072265625,베개 
-584.2239990234375,-1248.35791015625,동백 
1522.90869140625,2440.090576171875,요란 
327.41436767578125,-900.6146240234375,교우 
0.06208103522658348,0.07633902132511139,바보 
-886.614501953125,-766.6981811523438,말다툼 
-3783.71337890625,758.5205688476562,음성 
-439.98394775390625,-371.73681640625,지하 
-384.2973937988281,-609.27783203125,행적 
4288.21240234375,-1117.0784912109375,수습 
-3589.26513671875,-1280.018310546875,이번 
203.04029846191406,408.41864013671875,여가 
-0.10286414623260498,-0.03406231477856636,나머지 
-0.030567847192287445,0.07282602041959763,쇠사슬 
-0.14176476001739502,0.06938455998897552,산길 
0.06603819876909256,-0.0033561279997229576,아저씨 
-1240.057373046875,-1275.368408203125,선사 
2865.5029296875,3233.41455078125,무렵 
783.2814331054688,3795.9541015625,대회 
-1768.184814453125,1606.0474853515625,무례 
-0.030479082837700844,-0.028133951127529144,백마 
0.10253750532865524,0.04919169470667839,차림새 
-0.04471041262149811,-0.06290973722934723,선생 
0.006766485050320625,0.07402204722166061,우두 
-0.019521689042448997,-0.0034633027389645576,오악 
3145.055419921875,286.7063903808594,이구동성 
4665.90869140625,-1061.292724609375,우둔 
-1119.3460693359375,2379.05859375,꽁무니 
-0.041456736624240875,0.04216044768691063,따님 
1358.7977294921875,688.8939819335938,기간 
-1858.2403564453125,2590.1181640625,꽹과리 
-3125.7734375,-1490.1302490234375,책임 
-1204.5823974609375,-3531.998291015625,가슴속 
-3694.2919921875,1466.5758056640625,여창 
0.07481998950242996,-0.010742010548710823,반복 
0.06251877546310425,0.010637332685291767,속도 
-0.04889306426048279,0.04793253913521767,치유 
-0.01135602593421936,-0.0371793769299984,계집애 
0.01912500523030758,-0.03513156995177269,복수 
4092.39501953125,476.6000671386719,삼초 
556.8404541015625,917.2901000976562,걸세 
-578.491943359375,1534.5452880859375,부녀 
-0.07734156399965286,0.013625334948301315,송년 
-0.0881219282746315,0.022096620872616768,수수방관 
-0.05924712494015694,-0.02935413271188736,술수 
0.03732334077358246,-0.002295810030773282,강구 
223.42132568359375,-884.708740234375,총국 
3173.79541015625,-936.75146484375,맞수 
-394.09710693359375,21.54102897644043,감금 
-123.61223602294922,-430.1737060546875,상처 
1812.24609375,1101.0687255859375,법규 
16974.2421875,-27043.693359375,책자 
-1409.006591796875,601.8111572265625,기개 
-0.06523100286722183,-0.016683321446180344,답례 
0.04064633324742317,-0.04033167287707329,강권 
0.0473804734647274,0.003204409731552005,고등 
-2708.95458984375,-504.13970947265625,일반 
472.3868408203125,3866.6435546875,자리 
0.01953381486237049,-0.02850830927491188,언니 
1137.7403564453125,-518.7734985351562,옷차림 
339.2704162597656,2647.5068359375,생쥐 
-837.30078125,-4207.2783203125,사람의 
963.20361328125,939.0550537109375,저가 
0.08840514719486237,0.003534122137352824,견문 
110.71702575683594,116.92045593261719,교의 
-2730.283447265625,-1477.3175048828125,악사 
-633.7047119140625,1449.4677734375,위쪽 
-168.28700256347656,922.8839721679688,협력 
2116.7236328125,-340.6039733886719,십중팔구 
-2041.2215576171875,4769.24951171875,감기 
-1722.2698974609375,-2191.98974609375,방문 
1459.73388671875,1191.6573486328125,숭산 
-1977.2159423828125,-1899.7906494140625,황국 
-1384.0582275390625,-2552.39404296875,유인 
566.5516357421875,-63.01803970336914,교장 
-2920.43408203125,-3141.552001953125,오염 
1771.6336669921875,-3094.067626953125,유일 
1875.8172607421875,-4240.31591796875,지혜 
-280.78729248046875,-2540.73046875,동봉 
1570.131591796875,-1624.073486328125,상관 
587.2294921875,1753.041748046875,달마 
-1563.7864990234375,-2282.2646484375,입문 
1079.622314453125,242.279052734375,지형 
-1846.953857421875,3721.7001953125,의사 
4141.21484375,1107.6015625,한기 
1736.120849609375,1979.93017578125,정직 
1436.2862548828125,451.2569580078125,선생님 
0.10322143137454987,0.04807572066783905,정진 
-248.17347717285156,-1164.0833740234375,체면 
-4151.6357421875,-1815.388916015625,개골 
1071.9158935546875,-410.37811279296875,분노 
-0.05763600021600723,-0.010734552517533302,전가 
252.33935546875,1301.41162109375,전각 
2352.32421875,-2903.265869140625,태만 
5062.04541015625,-3034.146484375,만약에 
-502.63287353515625,1927.5289306640625,법칙 
0.08420343697071075,-0.030502481386065483,애당초 
323.39190673828125,-0.44599857926368713,막대기 
-128.20965576171875,228.4790496826172,힘줄 
555.3714599609375,252.87294006347656,기척 
-30.16783332824707,1334.3297119140625,의삼 
-2017.373291015625,2148.72802734375,천부 
-3323.697021484375,-2485.761474609375,전개 
-3706.52880859375,1085.154052734375,기계 
-1634.87646484375,-2271.9873046875,미소 
265.96844482421875,6482.34228515625,여초 
-379.5572204589844,-474.23248291015625,언덕 
-228.9567108154297,156.8253173828125,가난 
-4012.43603515625,3041.49072265625,장래 
2863.3828125,-397.6258544921875,이불 
-2928.46484375,-139.22116088867188,여관 
3471.76953125,-634.806884765625,오장군 
216.7314910888672,1489.0150146484375,증명 
-0.14024031162261963,-0.06510335206985474,네네 
2320.9921875,-1274.0281982421875,안색 
3438.73828125,11571.357421875,전갈 
619.126708984375,1614.6929931640625,풍이 
2294.101318359375,-711.76513671875,고함 
-1834.666748046875,3528.8798828125,두께 
1794.0872802734375,-321.61065673828125,명칭 
-0.001990657765418291,-0.018200239166617393,관통 
45.822513580322266,-1725.7099609375,황금 
-347.1219482421875,-3082.384765625,탄복 
1004.3495483398438,2959.611328125,스님 
-2361.648193359375,-1900.7962646484375,시간 
71.27851867675781,4409.4013671875,물론 
-3199.53955078125,1369.105712890625,훼방 
425.0367431640625,-3639.32861328125,항거 
-2705.515380859375,-2971.217529296875,풍자 
3055.76025390625,1085.4940185546875,한칼 
-1349.4622802734375,264.06842041015625,개과천선 
1118.9561767578125,-340.636474609375,시각 
-432.97210693359375,-3109.989990234375,맨손 
276.9893798828125,-3085.017578125,기초 
-2462.187744140625,2744.38720703125,무릎 
2672.85693359375,-1471.625244140625,기공 
4473.88671875,-638.9396362304688,고향 
-2985.919189453125,250.68841552734375,봉사 
1673.5892333984375,1623.203125,경망 
-1150.62890625,2321.29052734375,비명 
2963.10205078125,-1250.1259765625,웅담 
1853.487548828125,1647.643310546875,연결 
-2738.125732421875,-1514.615234375,노을 
-1114.5560302734375,3065.1474609375,일변 
-922.5822143554688,-261.4357604980469,길가 
-0.005826285108923912,0.047081999480724335,경맥 
-1867.995849609375,-1305.3350830078125,얼굴빛 
-116.99372863769531,-2302.6005859375,선수 
601.8531494140625,2031.253662109375,일보 
3948.84423828125,-1021.7061157226562,착각 
-2817.3115234375,872.6776123046875,절간 
-0.05921139940619469,0.0848708227276802,연고 
2058.52392578125,-2344.713623046875,유정 
413.2101135253906,3463.630615234375,찻집 
2924.720947265625,-383.2047119140625,무리 
1004.9397583007812,2844.5166015625,자멸 
3711.86279296875,-651.8961791992188,본시 
-46.19291687011719,303.9533386230469,애비 
0.05926680564880371,0.06259716302156448,극도 
0.014506731182336807,0.013100096955895424,신통력 
0.03516485542058945,-0.22415956854820251,칠일 
285.3058776855469,-617.02490234375,엉터리 
1081.27734375,2855.775390625,음식 
1608.408203125,2207.086669921875,임박 
-1059.4454345703125,-3718.29541015625,중간 
2552.000732421875,2057.205322265625,빗자루 
4427.708984375,2812.924072265625,노자 
-738.9238891601562,1961.619384765625,적개심 
723.4234008789062,1940.5347900390625,노인 
-2748.73095703125,-3325.411865234375,큰일 
-3863.76513671875,-1978.8074951171875,혼돈 
198.73777770996094,873.3506469726562,승낙 
-0.02574549987912178,-0.03661493957042694,봉우리 
-0.04709897190332413,-0.09254723787307739,덩어리 
0.10233957320451736,-0.04362709820270538,무림 
245.5128173828125,-1048.1998291015625,봉선 
-739.1528930664062,5979.3935546875,재흥 
2682.427978515625,1407.82177734375,만약 
-1891.2679443359375,1750.36572265625,말씀 
0.040676966309547424,-0.10059894621372223,씨 
0.018275396898388863,0.03979375958442688,전체 
0.15621685981750488,-0.00712414039298892,우스갯말 
2035.9229736328125,444.02459716796875,어둠 
-2986.484130859375,1857.359130859375,친절 
2431.160888671875,-344.2622375488281,나무통 
1266.0989990234375,3193.712646484375,왼발 
-432.360595703125,-2580.3125,장력 
2712.9375,1216.347412109375,권세 
-12530.32421875,14504.677734375,직후 
-803.595458984375,-88.66520690917969,붓끝 
0.05631241947412491,-0.007595970761030912,제지 
-1127.64453125,3943.3017578125,대련 
2398.763671875,1516.8515625,무망 
2038.4697265625,4508.888671875,시체 
-462.78973388671875,2186.939453125,지휘 
0.07498214393854141,-0.07522513717412949,아 
-0.029980767518281937,-0.01142977736890316,악 
-0.03321865200996399,0.06048954278230667,약물 
729.965576171875,1460.021728515625,안 
-2325.3525390625,-1469.1634521484375,대로 
898.2196044921875,-895.0343017578125,알 
1692.347900390625,2442.716552734375,운행 
-215.1041259765625,2131.08349609375,경멸 
-0.08960271626710892,0.05042082816362381,말씨 
1471.3876953125,-349.3717041015625,장로 
-3219.87158203125,-229.84939575195312,암 
-210.5904083251953,3090.708984375,앞 
-1302.0076904296875,1780.9317626953125,애 
-0.08655557036399841,-0.005728248972445726,불가사의 
-0.029729679226875305,0.011573436670005322,액 
-0.1364634931087494,0.034786827862262726,공평 
1076.3768310546875,2413.861083984375,구애 
-344.4232482910156,-3234.861083984375,연구 
-2854.701416015625,1956.738037109375,소행 
1944.426025390625,-1262.8214111328125,이빨 
-768.44775390625,-1943.515380859375,부당 
-443.11328125,-2802.68408203125,결박 
2078.516357421875,-345.4838562011719,검정색 
-3194.2568359375,-996.50048828125,발길질 
-3315.28515625,-1288.46240234375,손등 
-3455.053466796875,948.306640625,야 
-948.0552978515625,-2682.3662109375,약 
1725.8367919921875,2922.4111328125,도사 
-1642.0963134765625,2739.111083984375,상금 
794.0388793945312,674.18505859375,요리 
0.08898413181304932,0.027957100421190262,공포 
1225.5078125,1792.8309326171875,큰절 
-1782.043701171875,2990.856201171875,성사 
-689.0509643554688,-263.0962829589844,패도 
-0.032467521727085114,-0.06143375113606453,무서움 
141.86427307128906,-129.00994873046875,사내 
2012.2496337890625,-2088.666259765625,공동 
-2219.163818359375,-735.82666015625,양 
2319.1796875,-1289.8170166015625,서북쪽 
-231.984619140625,-453.39849853515625,시골 
-635.207275390625,-3348.62744140625,상기 
-912.6901245117188,-3427.873046875,독살 
61.09108352661133,192.54356384277344,방법 
2737.49169921875,2134.473388671875,사냥 
-4383.25732421875,2798.1318359375,해결 
638.770751953125,2467.137939453125,사태 
-2503.704833984375,-1774.9608154296875,은퇴식 
-198.33053588867188,207.5663299560547,중천 
0.05352723225951195,-0.02819393388926983,응시 
0.06718404591083527,0.003744404762983322,어 
1077.258056640625,-632.5420532226562,줄기 
1875.46337890625,-590.7283325195312,검술 
-4163.30810546875,-2417.806884765625,언 
-1245.7257080078125,-4924.3671875,신검 
2815.912353515625,1557.2552490234375,교주 
159.54254150390625,-180.4144744873047,얼 
-0.013664091005921364,0.15152393281459808,엄 
0.12707851827144623,-0.11326458305120468,신경 
-0.014081597328186035,0.08883219212293625,봉쇄 
2567.87890625,959.4407348632812,의술 
-4459.935546875,-1300.0989990234375,요망 
-2593.114990234375,788.5248413085938,폭발 
-2780.652099609375,3024.870849609375,놀음 
-3315.486328125,2196.5048828125,꼽추 
4863.53173828125,-1137.50146484375,미친개 
3286.639892578125,-402.49664306640625,지략 
-283.5323181152344,225.28076171875,여 
0.02159547246992588,-0.09184961766004562,역 
0.0782228335738182,0.03627613186836243,해골 
1234.2132568359375,1766.3104248046875,노조 
-1973.56884765625,-1102.5311279296875,연 
3318.399658203125,-1989.33447265625,열 
1158.8016357421875,746.002197265625,전군 
2009.1123046875,2212.593505859375,암살 
419.065673828125,2178.870361328125,염 
-2754.889892578125,-1034.34716796875,손해 
712.5189208984375,1109.452880859375,엽 
1566.51025390625,-2927.5048828125,배반 
-2505.29345703125,954.0694580078125,영 
2467.5185546875,1538.3680419921875,침입 
466.3678283691406,1290.560302734375,옆 
-120.5523910522461,-331.4385681152344,예 
-107.9592514038086,-2017.9376220703125,신공 
807.4407348632812,1530.9808349609375,벙어리 
1728.8114013671875,-1558.5548095703125,경문 
-0.09277168661355972,0.10614223033189774,몸집 
976.3760986328125,-331.64495849609375,외부 
1600.633056640625,2612.200439453125,팔뚝 
-854.478515625,-3052.466796875,신고 
2011.2806396484375,-1509.065185546875,음식점 
889.5524291992188,2577.30859375,백발 
-5534.77490234375,-2060.392822265625,소오강호 
-3500.807861328125,2521.56494140625,오 
445.388671875,-1224.21826171875,조사 
538.6759033203125,249.16807556152344,옥 
0.04994643107056618,0.056792002171278,나으리 
0.03779071196913719,-0.011072901077568531,몸놀림 
0.018902592360973358,-0.047780364751815796,비밀 
1413.73681640625,-2400.9052734375,소홀 
1283.7628173828125,-194.85226440429688,올 
779.1025390625,1837.7080078125,기침 
-792.1353759765625,-1164.93505859375,평생 
1220.182861328125,1416.6241455078125,의문점 
-1331.4407958984375,-1906.6829833984375,옷 
0.09345123171806335,0.03464380279183388,영감 
-0.016526345163583755,-0.06994342803955078,옹 
0.04813634604215622,0.1671937108039856,잘못 
2558.551025390625,791.124267578125,그때 
-710.734619140625,1848.580322265625,완 
-1824.9970703125,-621.5477905273438,조상 
227.3202667236328,373.7940979003906,맹세 
2463.814697265625,1708.748779296875,하남 
1817.32421875,-1432.7869873046875,옥녀봉 
0.04032135754823685,-0.09207892417907715,번뇌 
-1463.699951171875,-2383.83251953125,양립 
1022.1913452148438,2880.663818359375,왕 
753.7839965820312,-68.43852996826172,연기 
1780.119140625,-859.0955810546875,송도 
2268.4921875,1595.1702880859375,수양 
-3500.56298828125,1295.1151123046875,머리 
-2407.0693359375,3271.891845703125,통솔 
-2549.24365234375,-669.9378051757812,신교 
-0.1070832908153534,-0.021211465820670128,마을 
5549.06396484375,1147.3775634765625,무의식 
2802.11865234375,-700.1901245117188,사상자 
597.2664794921875,751.6507568359375,비방 
-0.060347795486450195,0.04184864088892937,검신 
-1220.0843505859375,522.5432739257812,외 
-4944.32373046875,1676.08447265625,내색 
2860.39599609375,-1744.2889404296875,울화 
-4504.85498046875,1842.54638671875,영검 
-297.62371826171875,-3255.1982421875,의심 
969.356689453125,-518.9120483398438,안식 
-0.004264411982148886,-0.08251993358135223,세상 
-0.046301864087581635,-0.0018130660755559802,마음 
0.007592352107167244,-0.07514882832765579,요 
14.523881912231445,-467.22076416015625,욕 
-267.21697998046875,-3205.0771484375,신국 
2575.822021484375,3606.790283203125,내상 
-2389.337890625,874.0610961914062,국왕 
1362.7255859375,675.68115234375,의식 
427.59576416015625,-732.5927734375,감탄 
-4617.3251953125,3277.732421875,등불 
-452.63262939453125,791.0907592773438,열기 
0.08689109236001968,0.09442098438739777,신출 
177.2744598388672,-270.7413330078125,태반 
-740.8406982421875,-1794.6370849609375,금도 
2768.9423828125,-800.7069702148438,용 
-214.001953125,1892.1617431640625,힐책 
-114.63780975341797,27.05609893798828,우 
1494.1724853515625,-4669.890625,색깔 
-248.27487182617188,4801.76123046875,운 
2182.1982421875,865.9842529296875,유지 
2350.604736328125,-289.66766357421875,자백 
-0.1350545436143875,0.020320400595664978,안심 
-0.08610045909881592,-0.01574118807911873,구경거리 
0.015697956085205078,0.10740891844034195,오른손 
912.8443603515625,600.7703857421875,월아산 
-3170.34765625,-664.0274047851562,어협 
1433.4375,5.654270648956299,비법 
2535.97998046875,-566.132568359375,원 
-1559.6561279296875,-730.47314453125,월 
-0.026457075029611588,-0.056532375514507294,생각 
0.06043548882007599,0.050686851143836975,장막 
652.7350463867188,-419.9405517578125,목검 
2891.869140625,1512.8165283203125,초대 
1803.910888671875,-3005.88623046875,가담 
0.052443597465753555,0.028749026358127594,임기응변 
1088.769287109375,767.3108520507812,독수 
-2777.83203125,795.5847778320312,지뢰 
2031.43896484375,-5215.4228515625,막장 
1822.23583984375,1807.1875,문무 
-1157.091796875,1683.491455078125,가닥 
0.0015624517109245062,0.0782466009259224,구원 
-0.04247892647981644,-0.022832073271274567,하녀 
-235.66091918945312,3168.90673828125,평소 
-3915.58642578125,-966.4974975585938,수염 
-1388.743896484375,-141.8594512939453,위 
-0.015324815176427364,-0.15142826735973358,곤란 
-448.1666259765625,-1414.9393310546875,처사 
-4269.2705078125,182.55059814453125,엄두 
-4788.05712890625,1561.5782470703125,틈새 
-857.5545043945312,2800.3544921875,보약 
888.2840576171875,-1035.522216796875,유 
0.054040297865867615,0.08099330216646194,박사 
-4028.473876953125,2969.96826171875,육 
1330.5213623046875,-705.732177734375,강남 
0.036896977573633194,0.008285010233521461,정체 
-668.1583862304688,-5518.64599609375,만일 
2667.58984375,385.39202880859375,불편 
619.9542846679688,1455.474853515625,박살 
1006.84228515625,2437.97607421875,맹수 
1464.6011962890625,-339.84747314453125,실추 
34.79462432861328,-3178.099853515625,영광 
-1469.785888671875,1155.6739501953125,방비 
-4195.3740234375,899.265625,정견 
-850.140625,-2798.029541015625,절기 
-1667.323974609375,-514.3987426757812,목청 
-2341.156494140625,3346.845703125,목격 
0.0562344528734684,0.08380274474620819,으 
1074.241943359375,-463.587158203125,각파 
-1194.3065185546875,-2094.26513671875,은 
-5557.86376953125,-326.2786865234375,군웅 
2243.73388671875,-725.19140625,우레 
-868.756103515625,192.6544189453125,배분 
0.07683276385068893,-0.03761062026023865,을 
0.03089837357401848,-0.08126676827669144,신기 
-682.8234252929688,-3948.8828125,심경 
5664.328125,2925.28759765625,우렁 
609.6815185546875,-764.2871704101562,패거리 
-0.02951166033744812,-0.006046309135854244,연꽃 
-181.93896484375,-1919.1630859375,작별 
-2480.731201171875,-1283.397705078125,음 
828.0478515625,-459.16796875,읍 
-0.0014958230312913656,0.1006401777267456,정경 
136.84689331054688,-2168.03173828125,응 
1269.99365234375,3106.440185546875,불평 
651.4306640625,2051.66943359375,의 
-4588.34765625,-747.4678955078125,암수 
-2772.73291015625,-1672.9561767578125,음악 
870.948974609375,59.930870056152344,백분 
-3541.088134765625,-915.49169921875,거역 
3239.21435546875,-2515.89892578125,우려 
4943.51025390625,-2409.387451171875,소란 
2970.275634765625,-155.8330841064453,참견 
-18.560142517089844,233.0317840576172,오줌 
0.0780692994594574,-0.002192859072238207,이 
0.019046392291784286,0.055664077401161194,만재 
35.929481506347656,-607.3670654296875,의기소침 
-1056.0062255859375,-2832.01513671875,장면 
2431.060546875,-724.3513793945312,인 
2661.068359375,-738.2416381835938,백부 
-453.225341796875,325.280517578125,일 
-0.002875282196328044,0.1890299916267395,반사 
-1280.9356689453125,-885.4803466796875,임 
1306.380859375,-842.9716796875,머리카락 
-47.348304748535156,2287.372802734375,입 
225.32626342773438,-2588.9365234375,수용 
-1870.489990234375,-1751.0555419921875,잎 
-2308.50244140625,252.47543334960938,도시 
-2215.029052734375,803.6392211914062,자 
-2642.00390625,-2447.360107421875,대명 
-2763.05517578125,-3007.869873046875,잔 
2834.075439453125,-1247.6982421875,승패 
-1026.486328125,1505.2757568359375,위급 
-0.01629049703478813,-0.0519956536591053,간파 
-0.07450778782367706,-0.10037870705127716,이사 
1110.1285400390625,1639.4599609375,잠 
1346.169677734375,-675.0380859375,잡 
-3537.529541015625,-17.243364334106445,피해 
646.0274658203125,-364.46923828125,이산 
-1866.5030517578125,-579.3150634765625,장 
-86.9906005859375,-2135.33740234375,애석 
-1685.12841796875,2376.487548828125,담뱃대 
-5592.03515625,1461.9193115234375,재 
-3750.627197265625,2531.58544921875,굴욕 
3500.100341796875,-979.5604248046875,위기 
2451.5380859375,-800.6342163085938,광릉산 
-1546.428955078125,357.2662048339844,대목 
-0.07285463809967041,-0.09167425334453583,정교 
-0.07741867750883102,0.07939162105321884,염치 
1587.03076171875,858.2738037109375,영귀 
-2938.7294921875,1422.0224609375,문밖 
1759.52734375,-987.8462524414062,성실 
-2456.510009765625,-1550.095947265625,제거 
1811.5927734375,-442.49853515625,위치 
-2023.36376953125,1057.451904296875,부하 
759.0277709960938,941.5070190429688,참관 
2188.72607421875,965.936767578125,빗물 
1832.780517578125,2634.01025390625,사당 
2637.728271484375,-2206.91259765625,이상 
-624.8912963867188,-577.8411254882812,우롱 
322.8039855957031,-28.2418155670166,낙안 
-1989.79736328125,-1275.598388671875,음양 
618.3478393554688,1426.9129638671875,출수 
-3210.177001953125,988.9896240234375,자부 
-998.2711181640625,-72.69921112060547,종소리 
-235.63711547851562,-613.1763916015625,폐쇄 
0.04919860139489174,-0.034669287502765656,관세음보살 
0.1899382770061493,-0.016003865748643875,슬픔 
2515.072509765625,517.6728515625,세수 
-795.3615112304688,-1491.6697998046875,아랫도리 
-466.58697509765625,1864.9644775390625,저 
-1759.547119140625,-1465.7254638671875,적 
-215.47406005859375,-2177.330322265625,손수건 
2197.1494140625,-214.1049346923828,발산 
-750.0736694335938,-2469.8623046875,전 
-3091.905517578125,2998.315185546875,절 
-1336.2467041015625,-1497.9117431640625,구절 
-3925.5078125,-2443.54248046875,천성 
1141.3685302734375,1745.585205078125,낙양 
283.3752136230469,-141.48448181152344,암시 
0.04937698319554329,0.09452749788761139,점 
0.0023861429654061794,0.07191156595945358,접근 
719.859375,-443.82049560546875,벌판 
1711.759033203125,924.7364501953125,정 
2438.30224609375,855.402099609375,버드나무 
-539.7771606445312,485.4432373046875,광대 
485.2950744628906,-1162.4681396484375,거북이 
-3888.25146484375,-1204.3240966796875,붕대 
-499.9237060546875,1412.0379638671875,군인 
-2684.1669921875,4966.9541015625,동상 
1480.4803466796875,-2161.819580078125,은인 
907.1317749023438,1627.3636474609375,영웅호걸 
0.05024673044681549,0.05759028345346451,상태 
0.0689045637845993,-0.03713485226035118,구제 
260.0065002441406,865.6868286132812,평시 
1215.32470703125,-135.9918975830078,장문 
147.91421508789062,2764.972900390625,항아리 
-2325.142333984375,2830.52734375,인사 
1227.471923828125,-783.199951171875,대문 
3524.486083984375,-1400.4483642578125,만족 
601.154296875,3299.307373046875,동생 
1945.95703125,-1916.5943603515625,호흡 
4473.9794921875,333.8402404785156,높이 
539.052001953125,1707.5059814453125,먹물 
-0.015663783997297287,0.007261242251843214,군자 
-1089.015869140625,-981.4791870117188,변고 
-453.16070556640625,-1765.99072265625,파리 
2486.478271484375,1713.994873046875,덕택 
912.3140869140625,1231.13720703125,북소리 
-4807.00927734375,-1302.9227294921875,협박 
491.40496826171875,-65.0931625366211,서열 
417.0545654296875,-234.01443481445312,복용 
-1114.4739990234375,3592.151611328125,옹이 
412.715087890625,-1371.609130859375,산파 
-3352.662841796875,-3584.33544921875,기름통 
-2710.35693359375,3296.0439453125,은자 
1703.6724853515625,-1311.6307373046875,서역 
-0.04179474711418152,0.013595975004136562,돌멩이 
-0.04382377862930298,0.006258763372898102,채찍 
-0.031306639313697815,-0.04312417283654213,발생 
2012.646240234375,-116.02888488769531,영기 
-569.4462890625,-1293.1849365234375,하늘 
342.9305114746094,-743.4864501953125,인삼 
171.85935974121094,-2439.722900390625,거울 
2940.75732421875,-102.77336120605469,마중 
1722.15185546875,-5183.68212890625,수작 
2486.05029296875,2190.477294921875,조심 
1279.60498046875,922.7506103515625,용맹 
0.030194558203220367,0.06980771571397781,동성 
-65.7905044555664,49.47159957885742,부모님 
-3391.4697265625,-4099.39697265625,조 
-2926.481201171875,-1298.9171142578125,족 
644.2377319335938,-1179.3974609375,존 
130.41908264160156,-348.9320068359375,서예 
110.28604125976562,-1831.662841796875,모금 
-144.1825714111328,-1585.3525390625,졸 
-891.5005493164062,-2831.001953125,인생 
1535.350830078125,1766.5380859375,이곳저곳 
359.8824157714844,3049.29296875,종 
1681.95947265625,2674.53466796875,능욕 
2840.294677734375,781.8677368164062,외조부 
-398.7401428222656,-2615.075927734375,편안 
-784.7100830078125,-18.0667724609375,그랑 
0.024101324379444122,-0.03852742165327072,좌 
121.2752914428711,-53.617740631103516,하달 
-538.3927001953125,1973.229736328125,문병 
256.1170654296875,-2009.55517578125,아래쪽 
-1783.0101318359375,-166.85995483398438,냄새 
1474.743408203125,-864.7015380859375,원한 
-1517.610595703125,-3688.8798828125,수장 
2531.749755859375,1153.27001953125,후원 
-428.16778564453125,110.21914672851562,요법 
-106.14093017578125,-448.1129455566406,어린애 
-845.92822265625,-1895.6187744140625,겸비 
1171.9072265625,-1910.7421875,귀빈 
-1578.3555908203125,-840.0238647460938,날씨 
-1584.944580078125,-2447.986083984375,발설 
-66.85359191894531,453.51947021484375,모기 
794.53662109375,1758.874755859375,정기 
-298.0327453613281,-3681.78369140625,내실 
453.7740478515625,1337.059326171875,투합 
-0.008399569429457188,0.02605927549302578,비린내 
-162.57139587402344,61.322906494140625,새끼 
726.6087646484375,2098.669189453125,자비 
-641.1908569335938,-330.2818603515625,내심 
3537.10205078125,2060.94482421875,충성 
1098.3602294921875,3882.65380859375,편액 
141.78309631347656,-398.03594970703125,양발 
871.2733764648438,608.978759765625,박수 
0.022306587547063828,-0.03129848465323448,상념 
0.02885076217353344,0.1842336505651474,최소한 
1938.296630859375,2069.0537109375,복위 
-855.1988525390625,5378.744140625,괴로움 
-2497.615966796875,584.1688232421875,내시 
-836.794921875,161.04220581054688,양반 
-978.39794921875,-2770.578125,내식 
-386.57855224609375,6013.06201171875,저택 
2280.650390625,-471.651123046875,죄 
-3493.821044921875,-3063.2705078125,교차 
1272.505615234375,-1767.029052734375,삽시간 
0.02336711436510086,-0.03745443373918533,습득 
0.04230940341949463,0.07540108263492584,고리 
1553.185791015625,967.0759887695312,투항 
-56.85637664794922,1481.406982421875,심기 
-35.970603942871094,-2483.2119140625,지명 
347.53619384765625,1319.9974365234375,일상 
393.85003662109375,-2232.481201171875,출신 
1439.0889892578125,1810.808349609375,종사 
1065.3629150390625,-729.62939453125,혼란 
-2439.771484375,-1193.136962890625,우리 
1476.6328125,2042.8822021484375,창출 
1046.1385498046875,2322.224609375,활동 
-2199.627197265625,791.0272827148438,유감 
-1681.8851318359375,1198.541748046875,몸체 
1769.0009765625,1073.4677734375,엄호 
2593.7578125,1158.577392578125,탄성 
-2363.71044921875,-672.7079467773438,버들 
-0.016257505863904953,-0.014570469968020916,달빛 
-1758.5631103515625,-1784.7335205078125,일생 
487.03485107421875,-554.22021484375,주 
-151.60504150390625,1405.6929931640625,감당 
2323.71923828125,-1159.3907470703125,죽 
-349.050048828125,2793.08056640625,준 
-2121.621337890625,1734.9061279296875,호랑이 
-0.06843910366296768,0.007094056811183691,예측 
-1262.24853515625,-1436.0096435546875,줄 
584.3909301757812,-91.8582763671875,전날 
1205.299072265625,-701.624267578125,기녀 
-1675.4144287109375,-3638.55029296875,그레 
-2639.6005859375,3254.544921875,용모 
4443.982421875,-1956.7724609375,재물 
878.9478759765625,-4797.03515625,근래 
835.175537109375,-2250.0107421875,형벌 
-4.704841613769531,22.780479431152344,중 
0.0540778674185276,0.2178432047367096,법당 
0.039432283490896225,0.11545879393815994,불행 
-124.30060577392578,-1693.277099609375,누명 
2620.98046875,-589.6355590820312,호령 
-453.2835998535156,4751.5927734375,일세 
-2613.572021484375,-1155.844482421875,보장 
7.74625301361084,-366.38873291015625,사표 
0.012097066268324852,0.025602584704756737,한파 
-0.03127526864409447,0.07514131814241409,한판 
246.3480987548828,427.3775939941406,예기 
1160.6201171875,810.8307495117188,산동 
925.4336547851562,-562.606689453125,머릿속 
-3193.587646484375,6596.0068359375,물방울 
-3154.6083984375,432.3382568359375,아랑곳 
-465.7185363769531,-525.4896850585938,호로 
